ID,Data Type,Username,Number of followers,Number of following,Description,Number of Likes,URL
1,Image,tavieofficial,unknown,unknown,"ĞĞ¾Ğ²Ñ‹Ğ¹ ĞºĞ¾ÑĞ¼Ğ¸Ñ‡ĞµÑĞºĞ¸Ğ¹ Ğ³Ğ¸Ğ´Ñ€Ğ¾Ğ³ĞµĞ½ĞµÑ€Ğ°Ñ‚Ğ¾Ñ€ TaVie. Ğ¡ĞºĞ¾Ñ€Ğ¾ Ğ² Ğ¼Ğ°Ğ³Ğ°Ğ·Ğ¸Ğ½Ğµ TaVie.store

#Ğ²Ğ¾Ğ´Ğ¾Ñ€Ğ¾Ğ´Ğ½Ğ°ÑĞ²Ğ¾Ğ´Ğ° #hydrogenwater #hydrogengenerator",108,https://www.instagram.com/p/B4hdV4FBswI/
2,Image,desirable_universe,unknown,unknown,"At ground zero, during the Universeâ€™s singularity, the very first chemical element was hydrogen. All the other followed by fusing hydrogen into helium, which then fused into carbon and so on. Approximately 73% of the mass of the visible universe is in the form of hydrogen. Helium makes up about 25% of the mass, and everything else represents only 2%. By mass, hydrogen and helium combined make up less than 1% of the Earth.","4,196",https://www.instagram.com/p/B2Nvxcnh4-e/
3,Image,the_keto_surfer,unknown,unknown,"GIVEAWAY TIME AGAINğŸ™ŒğŸ»ğŸ„ğŸ¼â€â™‚ï¸ğŸ¤™ğŸ¼ Who doesnâ€™t love a #giveaway ???
Durban North Aesthetics, Mia and myself are giving away a hamper to the value of R4500!!! ğŸ‰ğŸ‰
@durbannorthaesthetics @wanderfitsa
.
IT INCLUDES:
~ Hydrogen water generator
~ Keto Surfer Collagen & Vit C 400g
~ Keto Surfer MCT Vanilla Oil 200ml
~ R1000 Voucher from Durban North Aesthetics
.
TO ENTER:
â˜‘ï¸ Like this post & tag a friend (more tags=more entries)
â˜‘ï¸Follow @the_keto_surfer and @wanderfitsa and @durbannorthaesthetics
â˜‘ï¸ Share and tag all of us in your stories for extra entries
.
Entries on any of the 3 pages will be valid!
.
Draw will take place on 17 July 2020.
Prizes are not cash redeemable.
.
Iâ€™M THE KETO SURFER #giveaway #collagen #mctoil #hydrogenwater #beauty #aesthetic #careforyourskin #guthealth #ilovedurban #durbanlocal #hello_durban #findthelocals #glowingskin #skincare #voucher #fitness #fit #healthylifestyle #healthyliving #gym #ocean #sun #surf #sharingthestoke #stoke #theketosurfer",226,https://www.instagram.com/p/CCVJ8VZJPKN/
4,Image,sandra____torres,unknown,unknown,"My skin care ? I look after my skin from inside out... How?
Since over a year now I have just drinking HYDROGEN/ALKALINE WATER ğŸ’§ what it does to you skin:
âœ…keeps your skin more hydrated, and helps flush out toxins to promote a clear and healthy complexion. Drinking alkaline water daily provides faster hydration. Due to molÃ©cula hydrogen bin water blood cells will move quicker for a faster and deep hydration for you body to be better hydrated from the inside out. âœ…Molecular hydrogen is viewed as
the best agent for battling oxidative harm in skin and giving a young appearance. Japanese subjects demonstrated noteworthy changes and I can definitely see the difference âœ… powerful source of antioxidants, alkaline water fights free radicals and avoid oxidation.â€”â€”â€”â€”â€”â€”â€”â€”â€”â€”â€”â€”â€”â€”â€”â€”â€”â€”â€”â€”â€”â€” Mi cuidado de la piel? Cuido mi piel de adentro hacia afuera ... Â¿CÃ³mo?
Desde hace mÃ¡s de un aÃ±o que acabo de beber HIDRÃ“GENO / AGUA ALCALINA ğŸ’§ lo que le hace a su piel:
Mantiene su piel mÃ¡s hidratada y ayuda a eliminar las toxinas para promover una tez clara y saludable. Beber agua alcalina diariamente proporciona una hidrataciÃ³n mÃ¡s rÃ¡pida. Debido a la molÃ©cula de agua del depÃ³sito de hidrÃ³geno, las cÃ©lulas sanguÃ­neas se moverÃ¡n mÃ¡s rÃ¡pido para una hidrataciÃ³n mÃ¡s rÃ¡pida y profunda para que su cuerpo estÃ© mejor hidratado de adentro hacia afuera. HydrogenEl hidrÃ³geno molecular se ve como
El mejor agente para combatir el daÃ±o oxidativo en la piel y dar una apariencia joven. Los sujetos japoneses demostraron cambios notables y definitivamente puedo ver la diferencia âœ… potente fuente de antioxidantes, el agua alcalina combate los radicales libres y evita la oxidaciÃ³n .â€”â€”â€”â€”â€”â€”â€”â€”â€”â€” #water #ionizedwater #hydrogenwater #tyentwater #tyent #alkalinewater #ionizer #beauty #skin #radiantskin #glowingskin #skincare #beauty #skincareroutine #healthyskin #antiaging #skin #skincaretips #facial #acne #clearskin #glow #selfcare #glowingskincare #natural #beautifulskin #beautycare",922,https://www.instagram.com/p/B-vZA5YggEg/
5,Image,amandaleefarinaa,unknown,unknown,"â €
August Intentions ğŸ’«â €
â €
wakeup earlierâ €
go to bed earlier â €
move my body everydayâ €
finish a bookâ €
do something that brings me joy everyday â €
meditateâ €
show up for myself and my business 100%â €
get out of my comfort zoneâ €
work smarter not harderâ €
spend less time on my phone especially when first waking upâ €
make the most of the sun on my balconyâ €
gratitude journal everyday â €
â €
â €
End of 2020 GoalsğŸ’«â €
â €
hit 4A rank in my bizâ €
pay off 2 credit cardsâ €
run 20 kilometresâ €
finish an online courseâ €
â €
Is anyone else looking at August as the starting point for the rest of the year? 2020 has threw us for a loop so far but there is no reason not to re-focus and stay motivated fo the rest of the year. â €
â €
ğŸ¥‚Cheers to August half-year resolutions!â €
â €
What are your intentions for August?",229,https://www.instagram.com/p/CDdIIgChY-3/
6,Image,greenr_app,unknown,unknown,"Quâ€™en penses-tu ? ğŸ‘/ğŸ‘
.

L'hydrogÃ¨ne pour faire rouler nos trains est une solution qui s'inscrit dans un futur proche et elle est franÃ§aise ğŸ‡«ğŸ‡·
Le leader mondial Alstom vient de lancer son dernier modÃ¨le qui pourrait remplacer les vieilles machines diesel.
Il se dÃ©place Ã  plus de 100 km/h et peut accueillir jusqu'Ã  300 passagers. Il n'y a pas de fils Ã©lectriques suspendus pour l'alimenter, pourtant le Coradia iLint est bien un train Ã©lectrique. C'est le premier train au monde homologuÃ© qui gÃ©nÃ¨re sa propre Ã©lectricitÃ© grÃ¢ce Ã  une pile Ã  hydrogÃ¨ne ! â™»ï¸
Source : FranceInfo
.

Si tu nâ€™es pas abonneÌ(e), tu rates chaque jour de nombreux conseils, des news et autres infos utiles. Suis-nous sur @greenr_app pour ne plus rien manquer ğŸŒ±
.

#greenr #ecoresponsable #terre #compost #changement #alstom #nopoanetb #hydrogenwater
#zÃ©rodechet #consommerautrement #circuitcourt #secondevie #prisedeconscience #oldisnew #solidaritÃ© #minimalwaste #loveyourplanet #savetheplanetğŸŒ #lifeinspiration
#transitionecologique #Ã©cologique #onestpret #mieuxconsommer #commercelocal #nouveaumonde #greenwash #consommation #zeroplastique #consommeautrement #agirpourlaplanete",202,https://www.instagram.com/p/CC6JTxdHY5G/
7,Image,nastenka.zakharova_,unknown,unknown,"Ğ”Ğ°Ğ¶Ğµ Ğ·Ğ°Ğ½Ğ¸Ğ¼Ğ°Ñ‚ÑŒÑÑ Ğ½Ğ°Ğ´Ğ¾ Ğ² ĞºÑ€Ğ°ÑĞ¸Ğ²Ğ¾Ğ¹ Ğ¸ ÑƒĞ´Ğ¾Ğ±Ğ½Ğ¾Ğ¹ Ñ„Ğ¾Ñ€Ğ¼Ğµ âš¡ï¸ğŸ’€âš¡ï¸ğŸ˜
.
.
. #hydrogentennisteam#hydrogen#hydrogenwater#tennis#teammsv#msvtennis#instatennis#wta#wtatennis#wold#tenniscourt#tennisgame#sport#hydrogentennisteam2019",137,https://www.instagram.com/p/CEwqmmvA774/
8,Image,michellepaspinwall,unknown,unknown,"Hydration comes in many forms.â 
â 
Water being the obvious.â 
But our food also hydrates us.â 
Especially in the summer with fruit, vegetables and greens.â 
â 
Adding in fruit to water, a salad and as snacks helps to hydrate the body in the most intelligent manor.â 
â .â 
.â 
.â 
.â 
â #naturesmedicine #mindbodyconnection #healthyoptions #mentalclarity #bodymindspirit #hydrateyourself #30daystohealthyliving #nourishtoflourish #mindbodygreen #waterelement #cleanseyourbody #drinkingwater #bestwater #changeyourwaterchangeyourlife #replenish #healingfromtheinsideout #nutritioniskey #healthyinsideandout #waterelements #hydrogenwater #drinkmorewater #alkalinediet #drinkyourwater #healthygut #alkalinewater #womenhealingwomen #healthcoach #midlifemeccaâ €â ",136,https://www.instagram.com/p/B0oJfD1lsN1/
9,Image,amandaleefarinaa,unknown,unknown,"â €
What did you want to be â€œwhen you grew upâ€ as a kid? â €
â €
Did you follow that dream? â €
If not, what stopped you from chasing that dream? â €
Was it societal â€˜normsâ€™? â €
Did you think it was unrealistic or impossible?â €
When did our dreams become â€œjust a dreamâ€?â €
When did we start thinking we were unworthy of following our dreams?â €
â €
Iâ€™ve come to realize that it is only ourselves that stop us from achieving what we want in life. â €
â €
ğŸ™‹ğŸ»â€â™€ï¸ I have DEFF blocked myself from realizing my potential for years. Self-worth limiting beliefs are realllll. â €
â €
So here I am, your expander to remind you:â €
â €
YOU ARE WORTHY. â €
You are capable to live the life you want. â €
You are capable to follow your dreams.â €
You are capable to achieve anything.â €
Invest in yourself & anything is possible. â €
â €
What is stopping you from achieving your dreams RIGHT NOW?â €
â €
ğŸ“¸ @hannahelizarmstrong",191,https://www.instagram.com/p/CCsWJ0TBPo_/
10,Image,kedaikopal,unknown,unknown,"Kopi Susu KopAL

Diproses dari biji kopi premium, susu segar, hydrogen water dan gula aren pilihan
Disajikan untuk anda penuh cinta â¤

#kedaikopal #kedaikopi #kopisusukekinian #kopinikmat #kopinusantara #kopisusuaren
#hydrogenwater #sehattanpaobat #kulinerbekasi #umkm #wiranesiainkubator
#boostersuasanahati #moodbooster #digitalmarketing",13,https://www.instagram.com/p/CFXUKXnpK2L/
11,Image,hydrogentfontaine,unknown,unknown,"READY LIMITED EDITION
TOSCA, BLUE DAN UNGU ğŸ˜ğŸ˜âœˆ

Only Rp 3.900.000

Garansi mesin 18 bulan
1 alat untuk bantu penyembuhan 170 penyakit
1 alat untuk imunitas tubuh
1 alat bisa untuk minum dan inhalasi

Tunggu apalagi , yuuk segera diorder, kesehatan tubuh dimulai dari asupan air minum yg punya kandungan antioksidan tinggi
Dan hanya bisa didapat dari air yg mengandung molekul hidrogen

INFO &ORDER
Chat yaa
MITHA 0813 1070 5258
.
.
.
#hydrogenfontainepink #antioksidan#jualbotolhidrogen #manfaathidrogen #jualhidrogen #airhidrogen #hydrogenwater #bangkabelitungisland #pontianak #batam #tanjungbalaikarimun#bali #lampung #bandarlampungku #bandarlampungcity#balikpapan#management #manado  #singkawang #jabodetabek #bogor #kulinerbogor #surabaya #jakarta #jabodetabek",like th,https://www.instagram.com/p/CFW6w8aBJyk/
12,Image,zenii_hydrogen_solutions,unknown,unknown,"The next Generation of Health is here - Hydrogen Therapy

Read more on on our website
www.zenii.co.za/research-studies/
www.zenii.co.za/latest-blogs-and-articles-on-hydrogen/

Contact us on info@zenii.co.za or 082 491 2975

#molecularhydrogen #hydrogenwater #hydrogeninhalationtherapy #freeradicals #oxidativestress #antioxidants #cancertherapy #diabetes #parkinsons #alzheimers #weightloss #healthyliving #prevention #antiaging #vitality",5,https://www.instagram.com/p/CFW1gwZjwvU/
13,Image,retawmv,unknown,unknown,"#HydrogenWater is claimed to decrease inflammation, boost athletic performance, and even slow your aging process.

Contact us on 9973829 to purchase your #HydrogenWaterBottle.

#retaw #retawsolutions #waterpurifier #stayhealthy #Hydrogen",3,https://www.instagram.com/p/CFWy4ObpYr_/
14,Image,lica_lwg,unknown,unknown,#hydrogenwater #hydrogenfontaine #hydrogenbottle #livewellglobal #antioxidants,like th,https://www.instagram.com/p/CFWtXhiH_JN/
15,Image,nerobotolbaik,unknown,unknown,"TERIMA KASIH
UNTUK PARA TENAGA MEDIS

Mari kita ucapkan terima kasih kepada para tenaga medis yang telah mengabdikan hidupnya untuk melayani masyarakat khususnya di tengah pandemi COVID 19 ini.

Bersama - sama kita juga bisa turut memudahkan pekerjaan mereka dengan cara mematuhi protokol kesehatan selama pandemi berlangsung dan menjaga tubuh kita agar tetap sehat.

Tetaplah kuat! Kita pasti bisa melalui pandemi ini.

#nerobotolbaik #nerohydrogenplus #hidupsehatbersamanero #healthywealthywithnero #healthyandfit #healthylifestyle #airalkali #airhidrogen #hydrogenwater #alkalinewater",2,https://www.instagram.com/p/CFWm5YRjxh9/
16,Image,texassnipercompany,unknown,unknown,"âš«ğŸ‡ªğŸ‡¬ğŸ‡¨ğŸ‡±ğŸ‡·ğŸ‡ºâš«ğŸ†ğŸªğŸŒ
â˜ªï¸â›½ğŸ˜ˆğŸ“¢ Sweat Shop Water...ğŸ–•ğŸ˜‘ğŸ–•#Texas #Military #God #AK47 #Nike #HydrogenWater #Comedy #AlkalineWater #RealEstate #Fitness #Exercise #Tv #Film #Pilot #FastLane #SportsCars #Rap #Trap #Music #420 #CBD #WildWest #Egypt #Russia #BlackCobra #CallOfDuty #ModernWarfare",6,https://www.instagram.com/p/CFWWxtRHg5C/
17,Video,novie.lwg,unknown,unknown,"CARA KERJA ANTIOKSIDAN DARI MESIN HYDROGEN FONTAINE PEM AND INHALER

.
.
.
Penjelasan dari dr. Bintang Cristo F, Sp. BS dan juga Kepala Instalasi Gawat Darurat dan Juga Tenaga Medis di RS PGI Cikini Jakarta Pusat
.
.
.
More info ğŸ“² 087774068359 Novie
.
.
#antioksidan #hydrogenfontaine #hydrogenfontainepemandinhaler #airhidrogen #inhalasihidrogen #hydrogenwater #jualhydrogenfontaine #lwgbsd #lwgserpong #lwgrangerang #lwgtangerangselatan #codserpong #lwgjakarta #lwgjakartapusat #lwgjakartabarat #lwgjakartautara #lwgjakartaselatan #lwgdepok #lwgbogor #lwgbekasi #lwgcianjur #lwgcirebon #produkesehatan #lwg #LiveWellGlobal",,https://www.instagram.com/p/CFWBv7gJfsD/
18,Image,npwater,unknown,unknown,"Happy customerâ€™s helper at home : Iâ€™m from The Philipines, mom purchased npwater today, she said this is the healthy water with also anti ageing. And i donâ€™t need to boil hot water anymore. Thumbs up ğŸ‘ğŸ»

HOTLINE â˜ï¸ 1700-81-3883 ( Malaysia )

Perlis* Kedah* Penang* Perak* Pahang* Kuala Lumpur* Selangor* Seremban* Kelantan* Terengganu* Melaka* Johor* Sabah* Sarawak

+6581170398 , +6592756726 ( Singapore )

Why choose NPWATER?

âœ… Compound hydrogen and alkaline between pH9 to pH10 into the water, saturated with hydrogen. The water which hydrogen overflows will clean your
âœ… 100% Korean Imported Cartridges
âœ… 1400ppb Hydrogen reading
âœ… -350 Antioxidants reading
âœ… Halal
âœ… SGS cert ( Singapore )
âœ… Spectrum cert ( Malaysia )
âœ… Satsco Water Lab ( Singapore )
âœ… Thailand Water Lab
âœ… Korean Water Test
âœ… Singapore & Malaysia Registered Company
âœ… 1 Million Ringgit product liability insurance
âœ… S$300K SG dollar product liability insurance
âœ… 5 Million Thai Baht product liability insurance
âœ… Awards we Received ( Trusted Brand )
- Brand Of The Year Award
- International Prestige Brand Award
- Asia Honesty Product Award
- Grandeur Elegance International Business Award
- CSR Leadership Excellence Award
- MEBA Malaysia Excellence Business Award
âœ… Detoxify your body
âœ… Hydrate your body
âœ… Oxygenate /Antioxidant
âœ… Helps balancing the body pH
âœ… Boost and enhance your immune system
âœ… Neutralise the acidic in our body
âœ… Celebrities choice, ğŸ’¯ same product & services
âœ… Helps for anti aging properties, skin health ( via liquid hydrogen antioxidants that absorbs more quickly into human body )
âœ… Improve your health and will help you weight loss
âœ… Hydrogen Alkaline water helps prevents the development of diabetes
What in human body????
âœ… Makes up 75% of your muscles
âœ… Composes 75% of brain and 22% of bones
âœ… Makes up 83% of your blood
âœ… Helps carry nutrients and oxygen to your cells
âœ… Cushion your joints
âœ… To improve healthy

#hydrogenalkalinewater #npwater #naturalpurewater #hydrogenwater #alkalinewater #singapore #malaysia #thailand #china #korea #healthywater #beautywater #antiagingwater",7,https://www.instagram.com/p/CFWPVwflr1G/
19,Slideshow,healthylifekk,unknown,unknown,"Wow terlalu luar biasa KK Hydrogen Water Bottle, mengubah air biasa menjadi air hydrogen yang sangat bermanfaat bagi kesehatan tubuh ğŸ¤—ğŸ¤—ğŸ¤—

Wa.me/6289601623362

Follow @healthylifekk
Follow @healthylifekk
Follow @healthylifekk

#hidrogen #hydrogen #hydrogenwater #hydrogenwaterbottle #hydrogenbottle #kkhydrogenwaterbottle #kkhydrogen #kkhydrogenbottle #kkhydrogenwater #kkhydrogenbottlewater #kkhydrogenwatermalang",3,https://www.instagram.com/p/CFWK2w-A6Pm/
20,Image,sbxyz_debbo,unknown,unknown,"Wow terlalu luar biasa KK Hydrogen Water Bottle, mengubah air biasa menjadi air hydrogen yang sangat bermanfaat bagi kesehatan tubuh ğŸ¤—ğŸ¤—ğŸ¤—

Wa.me/6289601623362

Follow @healthylifekk
Follow @healthylifekk
Follow @healthylifekk

#hidrogen #hydrogen #hydrogenwater #hydrogenwaterbottle #hydrogenbottle #kkhydrogenwaterbottle #kkhydrogen #kkhydrogenbottle #kkhydrogenwater #kkhydrogenbottlewater #kkhydrogenwatermalang",2,https://www.instagram.com/p/CFWKhD0J-OA/
21,Image,ultrah2hydrowater,unknown,unknown,"Hydrogen Water Research: 100 Scientific Studies of Hydrogen Water

Hydrogen Water, Hydrogen Gas & Ionized Water
Ionized water and hydrogen water have been researched with kidneys, heart, liver, stomach, intestines, skin, brain, lungs, eyes and pretty much every part of the body has been found to benefit. The main ingredient in these waters is free-hydrogen or also known as molecular hydrogen. When it is in a free state, hydrogen is healing to the body because it attacks free-radicals and neutralizes them. The body can be helped or healed naturally with free-hydrogen antioxidants. Free-hydrogen is a unique molecule of two hydrogen, bonded together, but not bonded to any other elements. You can only get free-hydrogen in hydrogen water, hydrogen gas or ionized water. Regular water contains no free-hydrogen antioxidants.

The best way to consume free-hydrogen is in water. One of the studies, cited below, shows that the benefits of hydrogen water or ionized water (either one) will go on giving (fighting free-radicals) for days. Whereas these benefits are seen to last only hours with hydrogen gas inhaling. So, the most widely used and possibly the most therapeutic form of free-hydrogen is in hydrogen water. Hydrogen water can be produced by either a water ionizer or a hydrogen water machine, and in either case is very therapeutic, as the over 100 studies.

Regular water should not be confused with hydrogen water. It has hydrogen in it of course, H2O, but the hydrogen in regular water is not free and cannot fight free-radicals.
#HydrogenatedWater #HydrogenWater #Portable #PremiumProduct #PreOrder
#HealthIsWealth #PreventionIsCheaperandBetterThanCure

Price: 38,800 or 776USD",1,https://www.instagram.com/p/CFWC0tIgPkK/
